"","vars","n","mean","sd","median","trimmed","mad","min","max","range","skew","kurtosis","se"
"iBIPOC_pr",1,33,0.454545454545455,0.405630354939673,0.333333333333333,0.444444444444444,0.494199999999999,0,1,1,0.292713406557866,-1.52275009482871,0.0706111813723759
"cmBlack",2,35,7.08571428571429,8.36790587539653,5,5.82758620689655,7.413,0,29,29,1.2236722432135,0.271101278254713,1.41443425075183
"Belonging",3,34,4.24529411764706,1.45681935673101,4,4.28607142857143,1.4826,1,7,6,-0.20714405032545,-0.749622224806006,0.249842458487589
"ClimateBL",4,32,2.359375,0.984279456448775,2.33,2.31384615384615,0.993342,1,4.17,3.17,0.25514998121872,-1.11517343240679,0.173997669559385
